{
  "gsmc": "公司名称",
  "frdb": "法人代表",
  "dh": "电话",
  "yx": "邮箱",
  "wz": "网址",
  "dz": "地址",
  "zczb": "注册资本",
  "clrq": "成立日期",
  "jyzt": "经营状态",
  "gszch": "工商注册号",
  "tyshxydm": "统一社会信用代码",
  "zzjgdm": "组织机构代码",
  "nsrsbh": "纳税人识别号",
  "gslx": "公司类型",
  "yyqx": "营业期限",
  "hy": "行业",
  "nsrzz": "纳税人资质",
  "hzrq": "核准日期",
  "sjzb": "实缴资本",
  "rygm": "人员规模",
  "cbrs": "参保人数",
  "djjg": "登记机关",
  "cym": "曾用名",
  "ywmc": "英文名称",
  "zcdz": "注册地址",
  "jyfw": "经营范围",
   "jj": "简介"
}