{
  "clrq": "成立日期",
  "ssrq": "上市日期",
  "fxsyl": "发行市盈率",
  "wsfxrq": "网上发行日期",
  "fxfs": "发行方式",
  "mgmz": "每股面值",
  "fxsl": "发行数量",
  "fxjg": "发行价格",
  "mjzjje": "募集资金净额",
  "sjfxfy": "实际发行费用",
  "yjmz": "预计募资",
  "sjmz": "实际募资",
  "wsfxzql": "网上发行中签率",
  "wxfxzql": "网下发行中签率",
  "fxqmgjzc": "发行前每股净资产",
  "fxhmgjzc": "发行后每股净资产",
  "fxqzgb": "发行前总股本",
  "fxhzgb": "发行后总股本",
  "ssbjr": "上市保荐人",
  "zcxs": "主承销商",
  "srkpj": "首日开盘价",
  "lsyg": "历史沿革"
}