{"nodes":[{"name":"临清市力诺太阳能电力科技有限公司","logo":"https://img.tianyancha.com/logo/lll/a557705edf57e8dbfe803149d6fcdb37.png@!t07","id":"2357632872","label":"临清市力诺太阳能电力科技有限公司\n（主要）","category":0,"type":"Company","value":""},{"name":"李学智","logo":"","id":"1982517686","category":5,"type":"Human","value":"董事，经理"},{"name":"曲靖力诺新电力工程有限公司","logo":"https://img.tianyancha.com/logo/lll/358065663b97d89cf3a0fef7c62ccce7.png@!t07","id":"3014018394","label":"曲靖力诺新电力工程有限公司\n（主要）","category":0,"type":"Company","value":""},{"name":"密山中电太阳能科技有限公司","logo":"https://img.tianyancha.com/logo/lll/be35d7a6061ce4036b90c312f0ebbfff.png@!t07","id":"2321991778","label":"密山中电太阳能科技有限公司\n（主要）","category":0,"type":"Company","value":""},{"name":"商河力诺光伏农业开发有限公司","logo":"https://img.tianyancha.com/logo/lll/cb5702023c745d780b7ae99e63809406.png@!t07","id":"2336817070","label":"商河力诺光伏农业开发有限公司\n（主要）","category":0,"type":"Company","value":""},{"name":"单县鑫诺光电科技有限公司","logo":"https://img.tianyancha.com/logo/lll/207e8f8929f3cab0573a7c71a9dd7cbf.png@!t07","id":"2333994256","label":"单县鑫诺光电科技有限公司\n（主要）","category":0,"type":"Company","value":""},{"name":"力诺集团股份有限公司","logo":"https://img.tianyancha.com/logo/lll/f3642fba92f5c625364231e700f8d044.png@!t07","id":"4406560","label":"力诺集团股份有限公司\n（主要）","category":4,"type":"Company","value":"法人"},{"name":"山东力诺电力设计咨询有限公司","logo":"https://img.tianyancha.com/logo/lll/5073b743390a8d5d8c5e3504e0754100.png@!t07","id":"2329707871","label":"山东力诺电力设计咨询有限公司\n（主要）","category":0,"type":"Company","value":""},{"name":"临朐力诺太阳能发电有限公司","logo":"https://img.tianyancha.com/logo/lll/043845aca5071f7a1eef6cf10501b4fe.png@!t07","id":"2357025060","label":"临朐力诺太阳能发电有限公司\n（主要）","category":0,"type":"Company","value":""},{"name":"力诺电力集团股份有限公司通渭分公司","logo":"https://img.tianyancha.com/logo/lll/d1d2a8779433f414d0513c29a859ab64.png@!t07","id":"3102343995","label":"力诺电力集团股份有限公司通渭分公司\n（主要）","category":0,"type":"Company","value":""},{"name":"赵厚超","logo":"","id":"2358149696","category":6,"type":"Human","value":"总经理"},{"name":"青岛富之祥新能源投资发展合伙企业（有限合伙）","logo":"https://img.tianyancha.com/logo/lll/981d6838a79a709bddb8de81a449dc26.png@!t07","id":"3094457804","label":"青岛富之祥新能源投资发展合伙企业（有限合伙）\n（主要）","category":10,"type":"Company","value":"参股"},{"name":"中车互联运力投资集团有限公司","logo":"https://img.tianyancha.com/logo/lll/94ef9e25462ef82ec553d1bfdf5b44b7.png@!t07","id":"3030985863","label":"中车互联运力投资集团有限公司\n（主要）","category":10,"type":"Company","value":"参股"},{"name":"鲍颜兵","logo":"","id":"3069621176","category":8,"type":"Human","value":"监事会主席"},{"name":"铜川市耀州区耀诺现代农业有限公司","logo":"https://img.tianyancha.com/logo/lll/26ff3a3cada48f04f7d01488ebb57d26.png@!t07","id":"2371729029","label":"铜川市耀州区耀诺现代农业有限公司\n（主要）","category":0,"type":"Company","value":""},{"name":"吉林力诺阳光电力有限公司","logo":"https://img.tianyancha.com/logo/lll/da7c0c59b88813c3cd6b15322725250f.png@!t07","id":"3289983748","label":"吉林力诺阳光电力有限公司\n（主要）","category":0,"type":"Company","value":""},{"name":"吉木萨尔县力诺太阳能电力有限公司","logo":"https://img.tianyancha.com/logo/lll/554b8b07d3d2822226af90904cd7ea60.png@!t07","id":"2354971694","label":"吉木萨尔县力诺太阳能电力有限公司\n（主要）","category":0,"type":"Company","value":""},{"name":"驻马店力诺太阳能电力工程有限公司","logo":"https://img.tianyancha.com/logo/lll/96ea34941bc324be9cd3082830a88720.png@!t07","id":"2336688820","label":"驻马店力诺太阳能电力工程有限公司\n（主要）","category":0,"type":"Company","value":""},{"name":"西藏力诺太阳能电力有限公司","logo":"https://img.tianyancha.com/logo/lll/0b39ecd6f97f15bace30a1175076f451.png@!t07","id":"188320418","label":"西藏力诺太阳能电力有限公司\n（主要）","category":0,"type":"Company","value":""},{"name":"日照力诺新能源有限公司","logo":"https://img.tianyancha.com/logo/lll/a3896252f3ac882ea2da3f2bc8c00705.png@!t07","id":"3273216089","label":"日照力诺新能源有限公司\n（主要）","category":0,"type":"Company","value":""},{"name":"山东阳都佳诺新能源有限公司","logo":"https://img.tianyancha.com/logo/lll/f0adf25fac97fe317a89a2dafa7b6801.png@!t07","id":"3028678192","label":"山东阳都佳诺新能源有限公司\n（主要）","category":0,"type":"Company","value":""},{"name":"淮北力诺太阳能电力工程有限公司","logo":"https://img.tianyancha.com/logo/lll/32a59ffd75d878b566b0c44208d42db0.png@!t07","id":"1351256328","label":"淮北力诺太阳能电力工程有限公司\n（主要）","category":0,"type":"Company","value":""},{"name":"山东恒科新能源有限公司","logo":"https://img.tianyancha.com/logo/lll/621924b33523f02acdfa1af3741b7c9e.png@!t07","id":"2418840581","label":"山东恒科新能源有限公司\n（主要）","category":0,"type":"Company","value":""},{"name":"赤峰恒业新型建材有限责任公司","logo":"https://img.tianyancha.com/logo/lll/4aef427226d444c95e729e3b5dd5b604.png@!t07","id":"2590878692","label":"赤峰恒业新型建材有限责任公司\n（主要）","category":0,"type":"Company","value":""},{"name":"马一","logo":"","id":"2276748329","category":7,"type":"Human","value":"监事长"},{"name":"日喀则市鲁源光伏科技有限责任公司","logo":"https://img.tianyancha.com/logo/lll/5d56577be12dbb307bbb8156b5f7e743.png@!t07","id":"2358892815","label":"日喀则市鲁源光伏科技有限责任公司\n（主要）","category":0,"type":"Company","value":""},{"name":"青岛凯诺新能源有限公司","logo":"https://img.tianyancha.com/logo/lll/ce82276c80ef5847bec5978f193fd82f.png@!t07","id":"3277245763","label":"青岛凯诺新能源有限公司\n（主要）","category":0,"type":"Company","value":""},{"name":"镇赉力诺阳光农牧业有限公司","logo":"https://img.tianyancha.com/logo/lll/6dff3fbbcb881da8630cf826383c0b9f.png@!t07","id":"2328507054","label":"镇赉力诺阳光农牧业有限公司\n（主要）","category":0,"type":"Company","value":""},{"name":"力诺电力集团股份有限公司","logo":"https://img.tianyancha.com/logo/lll/c360be66a844d1365a70ea0e2dc70397.png@!t07","id":"3101447445","label":"力诺电力集团股份有限公司\n（主要）","category":1,"type":"Company","value":"分支机构"},{"name":"布和","logo":"","id":"1908300157","category":9,"type":"Human","value":"监事"},{"name":"李志刚","logo":"","id":"1984228336","category":9,"type":"Human","value":"监事"},{"name":"内蒙古富勒烯产业园科技有限公司","logo":"https://img.tianyancha.com/logo/lll/4fb97da2486522ed3e8abcc8788dcc60.png@!t07","id":"3002899685","label":"内蒙古富勒烯产业园科技有限公司\n（主要）","category":0,"type":"Company","value":""},{"name":"力诺投资控股集团有限公司","logo":"https://img.tianyancha.com/logo/lll/a4ab971a2fe0f6e300771e51148d9a19.png@!t07","id":"193274562","label":"力诺投资控股集团有限公司\n（主要）","category":10,"type":"Company","value":"参股"},{"name":"徐震","logo":"","id":"1944432395","category":11,"type":"Human","value":"董事"},{"name":"微山恒升阳光新能源科技有限公司","logo":"https://img.tianyancha.com/logo/lll/2573a84f56965cd2764a3cdbf2f02668.png@!t07","id":"2334656232","label":"微山恒升阳光新能源科技有限公司\n（主要）","category":0,"type":"Company","value":""},{"name":"赤峰市红山连盛产业投资基金中心（有限合伙）","logo":"https://img.tianyancha.com/logo/lll/fe447cfb9d0a6978a9e2c326a6cd713c.png@!t07","id":"2349411900","label":"赤峰市红山连盛产业投资基金中心（有限合伙）\n（主要）","category":0,"type":"Company","value":""},{"name":"山东力诺太阳能热电工程有限公司","logo":"https://img.tianyancha.com/logo/lll/9e02b1606bb19111f15ac86623d4a59c.png@!t07","id":"2379498539","label":"山东力诺太阳能热电工程有限公司\n（主要）","category":0,"type":"Company","value":""},{"name":"三门峡力诺太阳能电力工程有限公司","logo":"https://img.tianyancha.com/logo/lll/e6478e60292db3f7b00ca0fa2a35b286.png@!t07","id":"2366938007","label":"三门峡力诺太阳能电力工程有限公司\n（主要）","category":0,"type":"Company","value":""},{"name":"鲍静宇","logo":"","id":"2333231505","category":11,"type":"Human","value":"董事"},{"name":"哈尔滨顺达新能源有限公司","logo":"https://img.tianyancha.com/logo/lll/59796474ea1e81be850dcf9c2cf485f3.png@!t07","id":"2983359280","label":"哈尔滨顺达新能源有限公司\n（主要）","category":10,"type":"Company","value":"参股"},{"name":"青岛力诺电力工程有限公司","logo":"https://img.tianyancha.com/logo/lll/8b9557fd00c3151fd5f9cd43dc7d7124.png@!t07","id":"3217640499","label":"青岛力诺电力工程有限公司\n（主要）","category":0,"type":"Company","value":""},{"name":"张晓磊","logo":"","id":"1927223471","category":9,"type":"Human","value":"监事"},{"name":"中国农发重点建设基金有限公司","logo":"https://img.tianyancha.com/logo/lll/32b3496f1412fe80bff18dfc9be3e183.png@!t07","id":"593038884","label":"中国农发重点建设基金有限公司\n（主要）","category":10,"type":"Company","value":"参股"},{"name":"临沂城投力诺新能源有限公司","logo":"https://img.tianyancha.com/logo/lll/f9f918815696827be1add36bad6f6493.png@!t07","id":"2943522515","label":"临沂城投力诺新能源有限公司\n（主要）","category":0,"type":"Company","value":""},{"name":"周口力诺太阳能电力工程有限公司","logo":"https://img.tianyancha.com/logo/lll/964dc94be17091ea4f16da11ccebcd0a.png@!t07","id":"2367744346","label":"周口力诺太阳能电力工程有限公司\n（主要）","category":0,"type":"Company","value":""},{"name":"济源力诺太阳能电力工程有限公司","logo":"https://img.tianyancha.com/logo/lll/01a6a207a28e87edacadaab9605cad5a.png@!t07","id":"201543148","label":"济源力诺太阳能电力工程有限公司\n（主要）","category":0,"type":"Company","value":""},{"name":"临清市晶日农业开发有限公司","logo":"https://img.tianyancha.com/logo/lll/5885f9330eeabe08be7abc8c1e8985a3.png@!t07","id":"2392257638","label":"临清市晶日农业开发有限公司\n（主要）","category":0,"type":"Company","value":""},{"name":"山东福仓石油有限公司","logo":"https://img.tianyancha.com/logo/lll/7f7bbac123fc6fba96561bf3e96eec5f.png@!t07","id":"3046349207","label":"山东福仓石油有限公司\n（主要）","category":0,"type":"Company","value":""},{"name":"赤峰恒亿新能源汽车研发有限公司","logo":"https://img.tianyancha.com/logo/lll/8c87e7a2894a0d73d0137dc894c77747.png@!t07","id":"2346593552","label":"赤峰恒亿新能源汽车研发有限公司\n（主要）","category":0,"type":"Company","value":""},{"name":"杜守勤","logo":"","id":"1994143477","category":6,"type":"Human","value":"总经理"},{"name":"鄯善力诺太阳能电力有限公司","logo":"https://img.tianyancha.com/logo/lll/ef7480e88d7a2f9ea75f5bd637d94e5a.png@!t07","id":"759486444","label":"鄯善力诺太阳能电力有限公司\n（主要）","category":0,"type":"Company","value":""},{"name":"李健","logo":"","id":"1979639199","category":9,"type":"Human","value":"监事"},{"name":"吉木萨尔县力诺光伏材料有限公司","logo":"https://img.tianyancha.com/logo/lll/e62c93a49248f86e331e153d40a3e340.png@!t07","id":"2434224654","label":"吉木萨尔县力诺光伏材料有限公司\n（主要）","category":0,"type":"Company","value":""},{"name":"郑州力诺太阳能电力工程有限公司","logo":"https://img.tianyancha.com/logo/lll/03888fbeb4a18a0be9dff73e6f5a7c78.png@!t07","id":"2353467785","label":"郑州力诺太阳能电力工程有限公司\n（主要）","category":0,"type":"Company","value":""},{"name":"北票力诺太阳能电力有限公司","logo":"https://img.tianyancha.com/logo/lll/a0df85614daa1111cd61922a4f9dbf2c.png@!t07","id":"2314106115","label":"北票力诺太阳能电力有限公司\n（主要）","category":0,"type":"Company","value":""},{"name":"海东市力诺太阳能电力有限公司","logo":"https://img.tianyancha.com/logo/lll/bc0bad0627f354f4a90004a8bfdf04bd.png@!t07","id":"1510219893","label":"海东市力诺太阳能电力有限公司\n（主要）","category":0,"type":"Company","value":""},{"name":"阳原旭昇新能源有限公司","logo":"https://img.tianyancha.com/logo/lll/35b791c023dca495a92b7752e6e51b11.png@!t07","id":"867492458","label":"阳原旭昇新能源有限公司\n（主要）","category":0,"type":"Company","value":""},{"name":"榆林市榆神工业区榆诺太阳能电力有限公司","logo":"https://img.tianyancha.com/logo/lll/360dcf4de0ed55b5bf2f71ecd1cea995.png@!t07","id":"1691688887","label":"榆林市榆神工业区榆诺太阳能电力有限公司\n（主要）","category":0,"type":"Company","value":""},{"name":"济南金源达管理咨询合伙企业（有限合伙）","logo":"https://img.tianyancha.com/logo/lll/251fc528b1be8e942ee0d23aa1ac44d6.png@!t07","id":"3099370384","label":"济南金源达管理咨询合伙企业（有限合伙）\n（主要）","category":10,"type":"Company","value":"参股"},{"name":"济南儒泉企业管理咨询合伙企业（有限合伙）","logo":"https://img.tianyancha.com/logo/lll/97629138472f748bb2a5908cdf2359c0.png@!t07","id":"3103981732","label":"济南儒泉企业管理咨询合伙企业（有限合伙）\n（主要）","category":10,"type":"Company","value":"参股"},{"name":"泉旭（上海）新能源科技有限公司","logo":"https://img.tianyancha.com/logo/lll/66b529cc6d841c45120a58e7149e8836.png@!t07","id":"2342646057","label":"泉旭（上海）新能源科技有限公司\n（主要）","category":0,"type":"Company","value":""},{"name":"济南荣舜企业管理咨询合伙企业（有限合伙）","logo":"https://img.tianyancha.com/logo/lll/1957f9312f0bf7bc4a3e8aa3c5a1d79a.png@!t07","id":"3100511557","label":"济南荣舜企业管理咨询合伙企业（有限合伙）\n（主要）","category":10,"type":"Company","value":"参股"},{"name":"中联能天蒙能源科技有限公司","logo":"https://img.tianyancha.com/logo/lll/0d4584d485f7bb00b364b84015b0e840.png@!t07","id":"3212273705","label":"中联能天蒙能源科技有限公司\n（主要）","category":10,"type":"Company","value":"参股"},{"name":"安阳力诺太阳能电力工程有限公司","logo":"https://img.tianyancha.com/logo/lll/a422050be2ebb5e24fa7b392ff3ac869.png@!t07","id":"2354578106","label":"安阳力诺太阳能电力工程有限公司\n（主要）","category":0,"type":"Company","value":""},{"name":"赤峰恒亿新能源开发有限公司","logo":"https://img.tianyancha.com/logo/lll/b27eade0e6597dcaa7846f4ceccdec37.png@!t07","id":"1172471652","label":"赤峰恒亿新能源开发有限公司\n（主要）","category":0,"type":"Company","value":""},{"name":"周广彦","logo":"","id":"1854245647","category":3,"type":"Human","value":"执行董事"},{"name":"赤峰恒亿投资开发有限公司","logo":"https://img.tianyancha.com/logo/lll/33f597c560d2158390541b326bd2f5af.png@!t07","id":"361060982","label":"赤峰恒亿投资开发有限公司\n（主要）","category":10,"type":"Company","value":"参股"},{"name":"喀什力诺太阳能电力有限公司","logo":"https://img.tianyancha.com/logo/lll/2872bd425b80afb0db0cbc82d5a412cf.png@!t07","id":"2401592483","label":"喀什力诺太阳能电力有限公司\n（主要）","category":0,"type":"Company","value":""},{"name":"黄石力诺太阳能电力工程有限公司","logo":"https://img.tianyancha.com/logo/lll/e9414957b045b94c126aff41361d71c2.png@!t07","id":"1195515001","label":"黄石力诺太阳能电力工程有限公司\n（主要）","category":0,"type":"Company","value":""},{"name":"崔振龙","logo":"","id":"1904428303","category":2,"type":"Human","value":"执行董事经理"},{"name":"东营凯诺新能源有限公司","logo":"https://img.tianyancha.com/logo/lll/d66f30d8dfbfa9eab86dfb1d6481b070.png@!t07","id":"3298754074","label":"东营凯诺新能源有限公司\n（主要）","category":0,"type":"Company","value":""},{"name":"刘林华","logo":"","id":"1813053166","category":11,"type":"Human","value":"董事"},{"name":"兰坪力诺太阳能电力工程有限公司","logo":"https://img.tianyancha.com/logo/lll/e8c22282e4c80bf77ccfc35a66bc7244.png@!t07","id":"2971351372","label":"兰坪力诺太阳能电力工程有限公司\n（主要）","category":0,"type":"Company","value":""},{"name":"张常善","logo":"","id":"1925090149","category":11,"type":"Human","value":"董事"},{"name":"涟水力诺新能源科技有限公司","logo":"https://img.tianyancha.com/logo/lll/ea4d6140b9cae1ecf0648680fe360286.png@!t07","id":"2461498285","label":"涟水力诺新能源科技有限公司\n（主要）","category":0,"type":"Company","value":""},{"name":"内蒙古兴农绿电新能源有限公司","logo":"https://img.tianyancha.com/logo/lll/ffc1ab5b0bd0b05160e733681a7e11bb.png@!t07","id":"1039583086","label":"内蒙古兴农绿电新能源有限公司\n（主要）","category":0,"type":"Company","value":""},{"name":"赵磊","logo":"","id":"2194607360","category":11,"type":"Human","value":"董事"},{"name":"彭辉","logo":"","id":"1937924844","category":9,"type":"Human","value":"监事"},{"name":"赤峰清浩新能源研发有限公司","logo":"https://img.tianyancha.com/logo/lll/f56c4ee5beabc00a5525efe0f6d13d80.png@!t07","id":"989022965","label":"赤峰清浩新能源研发有限公司\n（主要）","category":0,"type":"Company","value":""},{"name":"赤峰市红山区财政局","logo":"https://img.tianyancha.com/logo/lll/0b8acb79482c758cbc717cd81e326e0b.png@!t07","id":"2357915612","label":"赤峰市红山区财政局\n（主要）","category":10,"type":"Company","value":"参股"},{"name":"淄博凯诺新能源有限公司","logo":"https://img.tianyancha.com/logo/lll/5faddbbd02e628a62d2d621983e128a0.png@!t07","id":"3275620088","label":"淄博凯诺新能源有限公司\n（主要）","category":0,"type":"Company","value":""},{"name":"山东力诺太阳能电力工程江苏有限公司","logo":"https://img.tianyancha.com/logo/lll/31c059cb104f83a2a1941f642f12df4c.png@!t07","id":"2445632487","label":"山东力诺太阳能电力工程江苏有限公司\n（主要）","category":0,"type":"Company","value":""},{"name":"师磊","logo":"","id":"1908981959","category":3,"type":"Human","value":"执行董事"},{"name":"朱凯","logo":"","id":"1972110414","category":9,"type":"Human","value":"监事"},{"name":"顾金明","logo":"","id":"2274396147","category":11,"type":"Human","value":"董事"},{"name":"泰安市大汶口力诺现代农业科技有限公司","logo":"https://img.tianyancha.com/logo/lll/9fbc4fd04f1a9db2bd6a82a2985ef20c.png@!t07","id":"2357915777","label":"泰安市大汶口力诺现代农业科技有限公司\n（主要）","category":0,"type":"Company","value":""},{"name":"涟水润东农业发展有限公司","logo":"https://img.tianyancha.com/logo/lll/624643be23a4813adda9b7a75192a699.png@!t07","id":"3064925427","label":"涟水润东农业发展有限公司\n（主要）","category":0,"type":"Company","value":""},{"name":"夏津力诺光伏农业有限公司","logo":"https://img.tianyancha.com/logo/lll/ef08e9a1ee36fcb8748acf22c327319a.png@!t07","id":"2374217594","label":"夏津力诺光伏农业有限公司\n（主要）","category":0,"type":"Company","value":""},{"name":"定西力诺太阳能电力有限公司","logo":"https://img.tianyancha.com/logo/lll/b5d7f893747cb1e24c04e84ccae891dd.png@!t07","id":"2352318705","label":"定西力诺太阳能电力有限公司\n（主要）","category":0,"type":"Company","value":""},{"name":"成武力诺阳光新能源有限公司","logo":"https://img.tianyancha.com/logo/lll/6a039c78ce98e9790890ea25e5875ae0.png@!t07","id":"1338859211","label":"成武力诺阳光新能源有限公司\n（主要）","category":0,"type":"Company","value":""},{"name":"黑河市诺辉太阳能电力有限公司","logo":"https://img.tianyancha.com/logo/lll/4c0f87a89ea53cfdd433ac563730fdf6.png@!t07","id":"3311168345","label":"黑河市诺辉太阳能电力有限公司\n（主要）","category":0,"type":"Company","value":""},{"name":"镇赉力诺太阳能电力有限公司","logo":"https://img.tianyancha.com/logo/lll/74453e4a2548f6ce35ceac7c46a3ca96.png@!t07","id":"2328507053","label":"镇赉力诺太阳能电力有限公司\n（主要）","category":0,"type":"Company","value":""},{"name":"肥城润昌光伏发电有限公司","logo":"https://img.tianyancha.com/logo/lll/55fac6ba9d39a970441a1b63ed54c6ef.png@!t07","id":"2325753329","label":"肥城润昌光伏发电有限公司\n（主要）","category":0,"type":"Company","value":""},{"name":"倪莉","logo":"","id":"1793364303","category":3,"type":"Human","value":"执行董事"},{"name":"北京清芸力诺能源科技有限公司","logo":"https://img.tianyancha.com/logo/lll/30fd56d8e3059a2c7833b45e5a032879.png@!t07","id":"3222145684","label":"北京清芸力诺能源科技有限公司\n（主要）","category":0,"type":"Company","value":""}],"legend":["公司","分支机构","执行董事经理","执行董事","法人","董事，经理","总经理","监事长","监事会主席","监事","参股","董事"],"links":[{"name":"执行董事","weight":1,"source":"1854245647","target":"3311168345"},{"name":"法人","weight":1,"source":"1854245647","target":"2329707871"},{"name":"参股","weight":1,"source":"3101447445","target":"2354578106"},{"name":"参股","weight":1,"source":"1793364303","target":"3046349207"},{"name":"执行董事","weight":1,"source":"1854245647","target":"2334656232"},{"name":"法人","weight":1,"source":"1854245647","target":"2461498285"},{"name":"董事长","weight":1,"source":"1854245647","target":"2461498285"},{"name":"法人","weight":1,"source":"1854245647","target":"3273216089"},{"name":"执行董事","weight":1,"source":"1854245647","target":"201543148"},{"name":"法人","weight":1,"source":"1854245647","target":"3289983748"},{"name":"经理","weight":1,"source":"2358149696","target":"3217640499"},{"name":"参股","weight":1,"source":"3101447445","target":"2336817070"},{"name":"参股","weight":1,"source":"193274562","target":"3101447445"},{"name":"法人","weight":1,"source":"1904428303","target":"1172471652"},{"name":"法人","weight":1,"source":"1854245647","target":"2357915777"},{"name":"执行董事","weight":1,"source":"1854245647","target":"2379498539"},{"name":"法人","weight":1,"source":"1854245647","target":"3102343995"},{"name":"执行董事","weight":1,"source":"1854245647","target":"759486444"},{"name":"参股","weight":1,"source":"3101447445","target":"2401592483"},{"name":"执行董事","weight":1,"source":"1854245647","target":"3277245763"},{"name":"参股","weight":1,"source":"3101447445","target":"2374217594"},{"name":"法人","weight":1,"source":"1854245647","target":"3311168345"},{"name":"参股","weight":1,"source":"3101447445","target":"2328507054"},{"name":"董事","weight":1,"source":"1925090149","target":"3101447445"},{"name":"法人","weight":1,"source":"1854245647","target":"1338859211"},{"name":"法人","weight":1,"source":"1854245647","target":"2314106115"},{"name":"法人","weight":1,"source":"1854245647","target":"2366938007"},{"name":"参股","weight":1,"source":"3101447445","target":"867492458"},{"name":"法人","weight":1,"source":"1854245647","target":"3275620088"},{"name":"参股","weight":1,"source":"361060982","target":"2590878692"},{"name":"法人","weight":1,"source":"1854245647","target":"2352318705"},{"name":"参股","weight":1,"source":"3212273705","target":"1172471652"},{"name":"参股","weight":1,"source":"2358149696","target":"3100511557"},{"name":"执行董事","weight":1,"source":"1854245647","target":"3275620088"},{"name":"法人","weight":1,"source":"1854245647","target":"2379498539"},{"name":"参股","weight":1,"source":"3101447445","target":"1172471652"},{"name":"法人","weight":1,"source":"1854245647","target":"2371729029"},{"name":"执行董事兼经理","weight":1,"source":"1854245647","target":"2328507054"},{"name":"参股","weight":1,"source":"3094457804","target":"3101447445"},{"name":"法人","weight":1,"source":"1854245647","target":"2321991778"},{"name":"法人","weight":1,"source":"1854245647","target":"3298754074"},{"name":"参股","weight":1,"source":"2357915612","target":"361060982"},{"name":"参股","weight":1,"source":"3101447445","target":"2354971694"},{"name":"参股","weight":1,"source":"3101447445","target":"2358892815"},{"name":"参股","weight":1,"source":"361060982","target":"2349411900"},{"name":"执行董事兼总经理","weight":1,"source":"1854245647","target":"2371729029"},{"name":"参股","weight":1,"source":"3101447445","target":"2325753329"},{"name":"参股","weight":1,"source":"3101447445","target":"3311168345"},{"name":"执行董事兼总经理","weight":1,"source":"1854245647","target":"2357025060"},{"name":"执行董事","weight":1,"source":"1854245647","target":"2367744346"},{"name":"法人","weight":1,"source":"1854245647","target":"3277245763"},{"name":"参股","weight":1,"source":"3101447445","target":"3217640499"},{"name":"参股","weight":1,"source":"3101447445","target":"2342646057"},{"name":"执行董事兼总经理","weight":1,"source":"1854245647","target":"2336817070"},{"name":"参股","weight":1,"source":"593038884","target":"361060982"},{"name":"参股","weight":1,"source":"3101447445","target":"3273216089"},{"name":"参股","weight":1,"source":"3101447445","target":"2366938007"},{"name":"法人","weight":1,"source":"1854245647","target":"2971351372"},{"name":"董事长","weight":1,"source":"1854245647","target":"3101447445"},{"name":"执行董事","weight":1,"source":"1854245647","target":"1338859211"},{"name":"参股","weight":1,"source":"3101447445","target":"1039583086"},{"name":"执行董事","weight":1,"source":"1854245647","target":"867492458"},{"name":"参股","weight":1,"source":"3101447445","target":"2333994256"},{"name":"董事","weight":1,"source":"2194607360","target":"361060982"},{"name":"参股","weight":1,"source":"3101447445","target":"1195515001"},{"name":"法人","weight":1,"source":"1854245647","target":"3014018394"},{"name":"参股","weight":1,"source":"1854245647","target":"3103981732"},{"name":"执行董事","weight":1,"source":"1854245647","target":"2354971694"},{"name":"参股","weight":1,"source":"3101447445","target":"2445632487"},{"name":"执行董事","weight":1,"source":"1854245647","target":"1195515001"},{"name":"参股","weight":1,"source":"361060982","target":"989022965"},{"name":"参股","weight":1,"source":"3101447445","target":"3298754074"},{"name":"执行董事兼总经理","weight":1,"source":"1854245647","target":"1351256328"},{"name":"执行董事","weight":1,"source":"1854245647","target":"2445632487"},{"name":"参股","weight":1,"source":"3101447445","target":"1510219893"},{"name":"法人","weight":1,"source":"1854245647","target":"2342646057"},{"name":"参股","weight":1,"source":"3101447445","target":"2379498539"},{"name":"法人","weight":1,"source":"1854245647","target":"188320418"},{"name":"参股","weight":1,"source":"4406560","target":"3101447445"},{"name":"参股","weight":1,"source":"3101447445","target":"2357632872"},{"name":"执行董事","weight":1,"source":"1908981959","target":"2346593552"},{"name":"参股","weight":1,"source":"3101447445","target":"759486444"},{"name":"参股","weight":1,"source":"3101447445","target":"3028678192"},{"name":"参股","weight":1,"source":"3101447445","target":"2418840581"},{"name":"参股","weight":1,"source":"361060982","target":"2346593552"},{"name":"参股","weight":1,"source":"3101447445","target":"3064925427"},{"name":"执行董事","weight":1,"source":"1854245647","target":"2333994256"},{"name":"参股","weight":1,"source":"3101447445","target":"3222145684"},{"name":"执行董事兼总经理","weight":1,"source":"1854245647","target":"2329707871"},{"name":"法人","weight":1,"source":"1854245647","target":"2392257638"},{"name":"执行董事兼总经理","weight":1,"source":"1854245647","target":"2366938007"},{"name":"执行董事兼总经理","weight":1,"source":"1854245647","target":"2392257638"},{"name":"执行董事兼经理","weight":1,"source":"1854245647","target":"2374217594"},{"name":"参股","weight":1,"source":"1793364303","target":"3212273705"},{"name":"执行董事兼总经理","weight":1,"source":"1854245647","target":"2354578106"},{"name":"法人","weight":1,"source":"1793364303","target":"3046349207"},{"name":"董事","weight":1,"source":"2274396147","target":"3101447445"},{"name":"法人","weight":1,"source":"1854245647","target":"759486444"},{"name":"董事","weight":1,"source":"1944432395","target":"3101447445"},{"name":"总经理","weight":1,"source":"2358149696","target":"3101447445"},{"name":"董事","weight":1,"source":"1813053166","target":"3101447445"},{"name":"执行董事经理","weight":1,"source":"1904428303","target":"1172471652"},{"name":"监事","weight":1,"source":"1972110414","target":"3101447445"},{"name":"监事","weight":1,"source":"1793364303","target":"1172471652"},{"name":"法人","weight":1,"source":"1854245647","target":"2336817070"},{"name":"参股","weight":1,"source":"3101447445","target":"2392257638"},{"name":"参股","weight":1,"source":"3101447445","target":"2336688820"},{"name":"执行董事兼经理","weight":1,"source":"1854245647","target":"2357915777"},{"name":"参股","weight":1,"source":"3101447445","target":"2321991778"},{"name":"监事","weight":1,"source":"1908981959","target":"3002899685"},{"name":"董事，经理","weight":1,"source":"1982517686","target":"361060982"},{"name":"董事","weight":1,"source":"1927223471","target":"361060982"},{"name":"董事长","weight":1,"source":"1908981959","target":"361060982"},{"name":"执行董事兼总经理","weight":1,"source":"1854245647","target":"1691688887"},{"name":"参股","weight":1,"source":"1854245647","target":"3100511557"},{"name":"参股","weight":1,"source":"3099370384","target":"3101447445"},{"name":"监事会主席","weight":1,"source":"3069621176","target":"361060982"},{"name":"监事","weight":1,"source":"1984228336","target":"361060982"},{"name":"参股","weight":1,"source":"3101447445","target":"1351256328"},{"name":"参股","weight":1,"source":"3101447445","target":"2357025060"},{"name":"参股","weight":1,"source":"1908300157","target":"3212273705"},{"name":"监事","weight":1,"source":"1937924844","target":"361060982"},{"name":"监事","weight":1,"source":"1927223471","target":"361060982"},{"name":"参股","weight":1,"source":"3101447445","target":"3289983748"},{"name":"执行董事兼总经理","weight":1,"source":"1854245647","target":"2336688820"},{"name":"董事","weight":1,"source":"2333231505","target":"361060982"},{"name":"执行董事兼总经理","weight":1,"source":"1854245647","target":"2342646057"},{"name":"监事","weight":1,"source":"1979639199","target":"361060982"},{"name":"法人","weight":1,"source":"1854245647","target":"2354578106"},{"name":"参股","weight":1,"source":"3101447445","target":"3275620088"},{"name":"董事","weight":1,"source":"1854245647","target":"2943522515"},{"name":"执行董事","weight":1,"source":"1854245647","target":"2971351372"},{"name":"参股","weight":1,"source":"3101447445","target":"2353467785"},{"name":"经理","weight":1,"source":"1994143477","target":"3298754074"},{"name":"法人","weight":1,"source":"1854245647","target":"2354971694"},{"name":"参股","weight":1,"source":"3101447445","target":"2329707871"},{"name":"执行董事兼总经理","weight":1,"source":"1854245647","target":"2358892815"},{"name":"法人","weight":1,"source":"1854245647","target":"2333994256"},{"name":"法人","weight":1,"source":"1854245647","target":"2325753329"},{"name":"参股","weight":1,"source":"361060982","target":"3002899685"},{"name":"参股","weight":1,"source":"3101447445","target":"1691688887"},{"name":"参股","weight":1,"source":"361060982","target":"1172471652"},{"name":"参股","weight":1,"source":"3101447445","target":"2943522515"},{"name":"参股","weight":1,"source":"3101447445","target":"2461498285"},{"name":"参股","weight":1,"source":"3101447445","target":"201543148"},{"name":"法人","weight":1,"source":"1854245647","target":"1691688887"},{"name":"法人","weight":1,"source":"1854245647","target":"1510219893"},{"name":"参股","weight":1,"source":"3101447445","target":"3014018394"},{"name":"执行董事兼经理","weight":1,"source":"1854245647","target":"3273216089"},{"name":"执行董事","weight":1,"source":"1854245647","target":"2401592483"},{"name":"执行董事兼总经理","weight":1,"source":"1854245647","target":"2353467785"},{"name":"参股","weight":1,"source":"3212273705","target":"3030985863"},{"name":"法人","weight":1,"source":"1854245647","target":"1039583086"},{"name":"执行董事","weight":1,"source":"1854245647","target":"3014018394"},{"name":"参股","weight":1,"source":"3101447445","target":"2328507053"},{"name":"董事长","weight":1,"source":"1908981959","target":"989022965"},{"name":"法人","weight":1,"source":"1908981959","target":"989022965"},{"name":"法人","weight":1,"source":"1854245647","target":"1195515001"},{"name":"参股","weight":1,"source":"1908300157","target":"3046349207"},{"name":"执行董事","weight":1,"source":"1854245647","target":"2314106115"},{"name":"参股","weight":1,"source":"3101447445","target":"1338859211"},{"name":"法人","weight":1,"source":"1854245647","target":"201543148"},{"name":"执行董事兼总经理","weight":1,"source":"1854245647","target":"188320418"},{"name":"分支机构","weight":1,"source":"3101447445","target":"3102343995"},{"name":"参股","weight":1,"source":"3101447445","target":"2314106115"},{"name":"参股","weight":1,"source":"3101447445","target":"2971351372"},{"name":"法人","weight":1,"source":"1854245647","target":"2374217594"},{"name":"法人","weight":1,"source":"4406560","target":"3094457804"},{"name":"法人","weight":1,"source":"1854245647","target":"3101447445"},{"name":"法人","weight":1,"source":"1854245647","target":"2328507054"},{"name":"参股","weight":1,"source":"3101447445","target":"2367744346"},{"name":"执行董事兼总经理","weight":1,"source":"1854245647","target":"2357632872"},{"name":"参股","weight":1,"source":"4406560","target":"3094457804"},{"name":"法人","weight":1,"source":"1854245647","target":"3217640499"},{"name":"法人","weight":1,"source":"1854245647","target":"2434224654"},{"name":"法人","weight":1,"source":"1854245647","target":"2357025060"},{"name":"参股","weight":1,"source":"3101447445","target":"2357915777"},{"name":"参股","weight":1,"source":"4406560","target":"193274562"},{"name":"执行董事","weight":1,"source":"1854245647","target":"3298754074"},{"name":"法人","weight":1,"source":"1908981959","target":"2346593552"},{"name":"执行董事,经理","weight":1,"source":"1854245647","target":"1039583086"},{"name":"法人","weight":1,"source":"1854245647","target":"2328507053"},{"name":"法人","weight":1,"source":"1854245647","target":"2334656232"},{"name":"法人","weight":1,"source":"1854245647","target":"2358892815"},{"name":"参股","weight":1,"source":"3101447445","target":"3277245763"},{"name":"监事长","weight":1,"source":"2276748329","target":"3101447445"},{"name":"经理","weight":1,"source":"1854245647","target":"867492458"},{"name":"法人","weight":1,"source":"1854245647","target":"1351256328"},{"name":"法人","weight":1,"source":"1854245647","target":"2401592483"},{"name":"参股","weight":1,"source":"3101447445","target":"2434224654"},{"name":"经理","weight":1,"source":"1854245647","target":"2314106115"},{"name":"法人","weight":1,"source":"1854245647","target":"2336688820"},{"name":"法人","weight":1,"source":"1854245647","target":"2357632872"},{"name":"执行董事","weight":1,"source":"1854245647","target":"3289983748"},{"name":"执行董事","weight":1,"source":"1793364303","target":"3212273705"},{"name":"经理","weight":1,"source":"1793364303","target":"3212273705"},{"name":"监事","weight":1,"source":"1908300157","target":"3212273705"},{"name":"执行董事","weight":1,"source":"1854245647","target":"3217640499"},{"name":"参股","weight":1,"source":"3101447445","target":"2371729029"},{"name":"法人","weight":1,"source":"1793364303","target":"3212273705"},{"name":"参股","weight":1,"source":"3101447445","target":"188320418"},{"name":"参股","weight":1,"source":"1994143477","target":"3103981732"},{"name":"参股","weight":1,"source":"3030985863","target":"3212273705"},{"name":"法人","weight":1,"source":"1854245647","target":"2353467785"},{"name":"执行董事兼经理","weight":1,"source":"1854245647","target":"2328507053"},{"name":"参股","weight":1,"source":"3103981732","target":"3101447445"},{"name":"法人","weight":1,"source":"1854245647","target":"2445632487"},{"name":"执行董事兼总经理","weight":1,"source":"1854245647","target":"2325753329"},{"name":"法人","weight":1,"source":"1908981959","target":"361060982"},{"name":"法人","weight":1,"source":"1854245647","target":"2367744346"},{"name":"执行董事兼总经理","weight":1,"source":"1854245647","target":"1510219893"},{"name":"参股","weight":1,"source":"3101447445","target":"2334656232"},{"name":"监事","weight":1,"source":"1908300157","target":"3046349207"},{"name":"执行董事","weight":1,"source":"1854245647","target":"2434224654"},{"name":"监事","weight":1,"source":"1994143477","target":"3101447445"},{"name":"参股","weight":1,"source":"2983359280","target":"3101447445"},{"name":"执行董事兼经理","weight":1,"source":"1793364303","target":"3046349207"},{"name":"总经理","weight":1,"source":"1994143477","target":"3277245763"},{"name":"法人","weight":1,"source":"1854245647","target":"867492458"},{"name":"执行董事兼总经理","weight":1,"source":"1854245647","target":"2321991778"},{"name":"参股","weight":1,"source":"3101447445","target":"2352318705"},{"name":"参股","weight":1,"source":"3100511557","target":"3101447445"},{"name":"经理","weight":1,"source":"1994143477","target":"3275620088"}]}