{"nodes":[{"name":"赤峰淑菲商贸有限责任公司","logo":"https://img.tianyancha.com/logo/lll/7b03c41ad7ce472295eea77231e91c72.png@!t07","id":"3027736699","label":"赤峰淑菲商贸有限责任公司\n（主要）","category":0,"type":"Company","value":""},{"name":"赤峰双元机械铸造有限责任公司","logo":"https://img.tianyancha.com/logo/lll/dd73649736e543a3780c789bcc19ad70.png@!t07","id":"281334769","label":"赤峰双元机械铸造有限责任公司\n（主要）","category":0,"type":"Company","value":""},{"name":"王舒皓","logo":"","id":"2076671087","category":1,"type":"Human","value":"执行董事经理"},{"name":"赤峰市鄂尔多斯羊绒男装专卖店","logo":"https://img.tianyancha.com/logo/lll/adc98e4f6777881afc0758111fc6b9c1.png@!t07","id":"3011164520","label":"赤峰市鄂尔多斯羊绒男装专卖店\n（主要）","category":0,"type":"Company","value":""},{"name":"李淑菲","logo":"","id":"1987675651","category":1,"type":"Human","value":"执行董事经理"},{"name":"松山区众联广场衣品天成百货经营部","logo":"https://img.tianyancha.com/logo/lll/6c540bc0efc2a9da6b899c75bf898d79.png@!t07","id":"1077451903","label":"松山区众联广场衣品天成百货经营部\n（主要）","category":0,"type":"Company","value":""},{"name":"赤峰创响数字科技传媒有限责任公司","logo":"https://img.tianyancha.com/logo/lll/3b7c2a2d971105d7cfaf72f8eeaf56cf.png@!t07","id":"1121552862","label":"赤峰创响数字科技传媒有限责任公司\n（主要）","category":0,"type":"Company","value":""}],"legend":["公司","执行董事经理"],"links":[{"name":"法人","weight":1,"source":"2076671087","target":"1121552862"},{"name":"执行董事经理","weight":1,"source":"2076671087","target":"1121552862"},{"name":"监事","weight":1,"source":"1987675651","target":"1121552862"},{"name":"参股","weight":1,"source":"1987675651","target":"281334769"},{"name":"执行董事经理","weight":1,"source":"1987675651","target":"281334769"},{"name":"法人","weight":1,"source":"1987675651","target":"1077451903"},{"name":"法人","weight":1,"source":"1987675651","target":"3011164520"},{"name":"参股","weight":1,"source":"2076671087","target":"1121552862"},{"name":"法人","weight":1,"source":"1987675651","target":"281334769"},{"name":"执行董事经理","weight":1,"source":"1987675651","target":"3027736699"},{"name":"参股","weight":1,"source":"1987675651","target":"3027736699"},{"name":"法人","weight":1,"source":"1987675651","target":"3027736699"},{"name":"监事","weight":1,"source":"2076671087","target":"3027736699"}]}