{"nodes":[{"name":"韩立东","logo":"","id":"2271244428","category":3,"type":"Human","value":"经理"},{"name":"王肇强","logo":"","id":"2076493638","category":2,"type":"Human","value":"参股"},{"name":"王歆强","logo":"","id":"2073138606","category":1,"type":"Human","value":"监事"},{"name":"赤峰嘉骏投资管理有限责任公司","logo":"https://img.tianyancha.com/logo/lll/2c1ae0e259f20c2c865997bc4d370d24.png@!t07","id":"274443852","label":"赤峰嘉骏投资管理有限责任公司\n（主要）","category":0,"type":"Company","value":""}],"legend":["公司","监事","参股","经理"],"links":[{"name":"参股","weight":1,"source":"2076493638","target":"274443852"},{"name":"经理","weight":1,"source":"2271244428","target":"274443852"},{"name":"监事","weight":1,"source":"2073138606","target":"274443852"},{"name":"执行董事","weight":1,"source":"2076493638","target":"274443852"},{"name":"法人","weight":1,"source":"2076493638","target":"274443852"}]}