{"nodes":[{"name":"赤峰市红山区康机汽车修理部","logo":"https://img.tianyancha.com/logo/lll/3c0435c183feb0b10eafcc9c6e9a74a9.png@!t07","id":"669010249","label":"赤峰市红山区康机汽车修理部\n（主要）","category":0,"type":"Company","value":""},{"name":"任秀英","logo":"","id":"1775544049","category":1,"type":"Human","value":"未知"},{"name":"赤峰市红山区康嘉汽配经销部","logo":"https://img.tianyancha.com/logo/lll/216d45ca94720e6d60ae4adafe1aaea0.png@!t07","id":"846256330","label":"赤峰市红山区康嘉汽配经销部\n（主要）","category":0,"type":"Company","value":""},{"name":"任秀英","logo":"https://img.tianyancha.com/logo/lll/98c8d94d47820cf16f8eb18f9d1a57b8.png@!t07","id":"533419495","label":"任秀英\n（主要）","category":0,"type":"Company","value":""}],"legend":["公司","未知"],"links":[{"name":"法人","weight":1,"source":"1775544049","target":"846256330"},{"name":"法人","weight":1,"source":"1775544049","target":"669010249"},{"name":"法人","weight":1,"source":"1775544049","target":"533419495"},{"name":"未知","weight":1,"source":"1775544049","target":"533419495"}]}