{"nodes":[{"name":"刘祥忠","logo":"","id":"1815251821","category":1,"type":"Human","value":"监事"},{"name":"武汉丽","logo":"","id":"2028555379","category":2,"type":"Human","value":"执行董事"},{"name":"赤峰中元商贸有限公司","logo":"https://img.tianyancha.com/logo/lll/2893814add950d433faaac3c05b24674.png@!t07","id":"347701227","label":"赤峰中元商贸有限公司\n（主要）","category":0,"type":"Company","value":""},{"name":"赤峰天德矿业有限公司","logo":"https://img.tianyancha.com/logo/lll/da1b79a3df4f9060816e7b18c2aa61a1.png@!t07","id":"2944370651","label":"赤峰天德矿业有限公司\n（主要）","category":0,"type":"Company","value":""},{"name":"赤峰伟迪商贸有限公司","logo":"https://img.tianyancha.com/logo/lll/632f476e131847bd88150c603c63b9e0.png@!t07","id":"1170176111","label":"赤峰伟迪商贸有限公司\n（主要）","category":0,"type":"Company","value":""},{"name":"武汉荣","logo":"","id":"2028563391","category":1,"type":"Human","value":"监事"},{"name":"赤峰鼎拓商贸有限公司","logo":"https://img.tianyancha.com/logo/lll/3687f630c57c3d370ce95b744a17f9d6.png@!t07","id":"1146781682","label":"赤峰鼎拓商贸有限公司\n（主要）","category":0,"type":"Company","value":""}],"legend":["公司","监事","执行董事"],"links":[{"name":"经理","weight":1,"source":"1815251821","target":"347701227"},{"name":"执行董事","weight":1,"source":"2028555379","target":"347701227"},{"name":"参股","weight":1,"source":"2028563391","target":"1170176111"},{"name":"参股","weight":1,"source":"1815251821","target":"347701227"},{"name":"法人","weight":1,"source":"1815251821","target":"1170176111"},{"name":"监事","weight":1,"source":"2028563391","target":"347701227"},{"name":"监事","weight":1,"source":"1815251821","target":"1146781682"},{"name":"参股","weight":1,"source":"1815251821","target":"1170176111"},{"name":"经理","weight":1,"source":"1815251821","target":"2944370651"},{"name":"执行董事经理","weight":1,"source":"1815251821","target":"1170176111"},{"name":"监事","weight":1,"source":"2028563391","target":"1170176111"},{"name":"参股","weight":1,"source":"1815251821","target":"2944370651"},{"name":"参股","weight":1,"source":"2028563391","target":"347701227"},{"name":"法人","weight":1,"source":"2028555379","target":"347701227"},{"name":"参股","weight":1,"source":"1815251821","target":"1146781682"}]}