{"nodes":[{"name":"商雅琳","logo":"","id":"1864089433","category":2,"type":"Human","value":"执行董事经理"},{"name":"刘景鑫","logo":"","id":"1812689012","category":1,"type":"Human","value":"监事"},{"name":"赤峰美通锅炉设备有限公司","logo":"https://img.tianyancha.com/logo/lll/8c3ccdd5bbebc703dfee58aae900630c.png@!t07","id":"732446970","label":"赤峰美通锅炉设备有限公司\n（主要）","category":0,"type":"Company","value":""}],"legend":["公司","监事","执行董事经理"],"links":[{"name":"法人","weight":1,"source":"1864089433","target":"732446970"},{"name":"监事","weight":1,"source":"1812689012","target":"732446970"},{"name":"参股","weight":1,"source":"1864089433","target":"732446970"},{"name":"执行董事经理","weight":1,"source":"1864089433","target":"732446970"}]}